Mouse,Tx,day_1,day_2,day_3
"spotty",A,-0.719223636436724,2.79752001018956,2.4425445526199
"dotty",A,-0.843249797743617,0.554596440355953,0.522570562529811
"snotty",A,0.588016952726453,0.453865517579122,3.14014713877826
"flossy",B,-0.299597669405553,2.07247799961698,2.74484998495192
"bossy",B,0.0563367752414882,-0.70179189420556,1.16537216610853
